user,item,rating
radio-0,style|taylorswift,6.0
radio-0,dropdead|oliviarodrigo,5.92
radio-0,capitalletters|haileesteinfeldbloodpop,5.84
radio-0,ireallylikeyou|carlyraejepsen,5.76
radio-0,justthewayyouare|brunomars,5.68
radio-0,theman|taylorswift,5.6
radio-0,stealtheshowfromelemental|lauv,5.52
radio-0,goodtime|owlcitycarlyraejepsen,5.4399999999999995
radio-0,stupidsong|oliviarodrigo,5.36
radio-0,whosays|selenagomezthescene,5.2
radio-0,thislove|taylorswift,5.12
radio-0,marryyou|brunomars,5.04
radio-0,blackmagic|littlemix,4.96
radio-0,nightchanges|onedirection,4.88
radio-0,backtofriends|sombr,4.8
radio-0,weareneverevergettingbacktogether|taylorswift,4.72
radio-0,givemeakiss|crashadams,4.64
radio-0,mastermind|taylorswift,4.5600000000000005
radio-0,circles|postmalone,4.48
radio-0,adoreyou|harrystyles,4.4
radio-0,iwantitthatway|backstreetboys,4.32
radio-0,symphony|cleanbanditzaralarsson,4.24
radio-0,youbelongwithme|taylorswift,4.16
radio-0,endofbeginning|djo,4.08
radio-0,lightswitch|charlieputh,4.0
radio-0,dancingonmyown|robyn,3.92
radio-0,onelasttime|arianagrande,3.84
radio-0,opalite|taylorswift,3.76
radio-0,signofthetimes|harrystyles,3.68
radio-0,dietpepsi|addisonrae,3.6
radio-0,eeniemeenie|seankingstonjustinbieber,3.52
radio-0,stealmygirl|onedirection,3.44
radio-0,closetoyou|gracieabrams,3.36
radio-0,hatethatimadeyouloveme|arianagrande,3.28
radio-0,wedonttalkanymore|charlieputhselenagomez,3.1999999999999997
radio-0,isitovernow|taylorswift,3.12
radio-0,soeasy|oliviadean,3.04
radio-0,backtoyoufrom13reasonswhy|selenagomez,2.96
radio-0,needyounow|ladya,2.88
radio-0,leavebeforeyouloveme|marshmellojonasbrothers,2.64
radio-0,wecantbefriends|arianagrande,2.56
radio-0,trainingseason|dualipa,2.48
radio-0,lovemenot|ravynlenae,2.4
radio-0,midnightrain|taylorswift,2.32
radio-0,perfect|onedirection,2.2399999999999998
radio-1,cruelsummer|taylorswift,6.0
radio-1,stealtheshowfromelemental|lauv,5.92
radio-1,wecantbefriends|arianagrande,5.84
radio-1,nightchanges|onedirection,5.76
radio-1,stupidsong|oliviarodrigo,5.68
radio-1,youbelongwithme|taylorswift,5.6
radio-1,wedonttalkanymore|charlieputhselenagomez,5.52
radio-1,marryyou|brunomars,5.4399999999999995
radio-1,supernatural|arianagrande,5.36
radio-1,perfect|onedirection,5.2
radio-1,theman|taylorswift,5.12
radio-1,loveulikethat|lauv,5.04
radio-1,blackmagic|littlemix,4.96
radio-1,lovemenot|ravynlenae,4.88
radio-1,2002|annemarie,4.8
radio-1,fearless|taylorswift,4.72
radio-1,backtofriends|sombr,4.5600000000000005
radio-1,breakfree|arianagrandezedd,4.48
radio-1,marvingaye|charlieputhmeghantrainor,4.4
radio-1,closetoyou|gracieabrams,4.32
radio-1,wildestdreams|taylorswift,4.24
radio-1,onething|onedirection,4.16
radio-1,countonme|brunomars,4.08
radio-1,gorgeous|taylorswift,4.0
radio-1,whosays|selenagomezthescene,3.92
radio-1,ireallylikeyou|carlyraejepsen,3.84
radio-1,goodtime|owlcitycarlyraejepsen,3.76
radio-1,justthewayyouare|brunomars,3.68
radio-1,weareneverevergettingbacktogether|taylorswift,3.6
radio-2,heyhey|투어스,6.0
radio-2,luckytobeloved|투어스,5.92
radio-2,reallylikeyou|gyubin,5.84
radio-2,beattheheat|프로미스나인,5.76
radio-2,body|dayoung,5.68
radio-2,energetic|wannaone,5.6
radio-2,keepon|투어스,5.52
radio-2,impossible|riize,5.4399999999999995
radio-2,glowup|rescene,5.36
radio-2,diamond|트라이비,5.28
radio-2,likeyoubetter|프로미스나인,5.2
radio-2,hereforyou|투어스,5.12
radio-2,cbz|부석순,5.04
radio-2,boomboombass|riize,4.96
radio-3,loveattack|rescene,6.0
radio-3,imaginaryfriend|itzy,5.92
radio-3,lastfestival|투어스,5.84
radio-3,takeachance|프로미스나인,5.76
radio-3,brokenmelodies|nctdream,5.68
radio-3,getaguitar|riize,5.6
radio-3,mars|도경수,5.52
radio-3,bff|투어스,5.4399999999999995
radio-3,처음불러보는노래|kickflip,5.36
radio-3,adios|boynextdoor,5.28
radio-3,onlyone|더원드,5.2
radio-3,staythisway|프로미스나인,5.12
radio-3,youme7942|투어스,5.04
radio-3,그곳에서다시만나기로해|ahof,4.96
radio-3,fakeit|izna,4.88
radio-3,soletsgoseethestars|boynextdoor,4.8
radio-3,shootingstar|kep1er,4.72
radio-3,dreamwithus|투어스,4.64
radio-3,untouchable|itzy,4.5600000000000005
radio-3,swicy|unis,4.48
radio-3,smiley|yena,4.4
radio-3,dancingalone|kiiikiii,4.32
radio-3,ifimscanyoubemyn|투어스,4.24
radio-4,bluevalentine|nmixx추천트랙,6.0
radio-4,redvelvet|redvelvet,5.92
radio-4,lemontang|hearts2hearts,5.84
radio-4,candypinkmagicholeflipphone|kiiikiii,5.76
radio-4,loud|nmixx,5.68
radio-4,girlswillbegirls|itzy,5.6
radio-4,drowning|woodz,5.52
radio-4,캐치캐치|yena,5.4399999999999995
radio-4,다시만난세계|소녀시대,5.36
radio-4,dice|nmixx,5.28
radio-4,museum|owis,5.2
radio-4,focus|hearts2hearts,5.12
radio-4,notcuteanymore|illit,5.04
radio-4,dejavu|rescene,4.96
radio-4,heavyserenade|nmixx,4.88
radio-4,마지막처럼|blackpink,4.8
radio-4,hypeboy|newjeans,4.72
radio-4,hot|lesserafim,4.64
radio-4,notearsonthedancefloor|이채연,4.5600000000000005
radio-4,lovemelikethis|nmixx,4.48
radio-4,흰수염고래|qwer,4.4
radio-4,lovesickgirls|blackpink,4.32
radio-4,body|dayoung,4.24
radio-4,빨간맛|redvelvet,4.16
radio-4,loveislonely|nmixx,4.08
radio-4,fiesta|izone,4.0
radio-4,unchild|unchild,3.92
radio-4,afterlike|ive,3.84
radio-4,mago|여자친구,3.76
radio-4,feelspecial|twice,3.68
radio-4,goodthing|idle,3.6
radio-4,numberonerockstar|dayoung,3.52
radio-4,iconicheart|hearts2hearts,3.44
radio-4,ever2late|kiiikiii,3.36
radio-4,go|cortis,3.28
radio-4,4flowers|마마무,3.1999999999999997
radio-4,hypnotize|xg,3.12
radio-4,cosmic|redvelvet,3.04
radio-5,갑자기|아이오아이,6.0
radio-5,celebration|lesserafim,5.92
radio-5,motto|itzy,5.84
radio-5,lemonade|aespa,5.76
radio-5,popoffpopoff|kiiikiii,5.68
radio-5,runaway|rescene,5.6
radio-5,xoxz|ive,5.52
radio-5,crow|idle,5.4399999999999995
radio-5,ever2late|kiiikiii,5.28
radio-5,rollercoaster|청하,5.2
radio-5,iconicheart|hearts2hearts,5.12
radio-5,4flowers|마마무,5.04
radio-5,ioi|아이오아이,4.96
radio-5,prettygirl|rescene,4.88
radio-5,drowning|woodz,4.8
radio-5,numberonerockstar|dayoung,4.72
radio-5,lemontang|hearts2hearts,4.64
radio-5,만찬가|태연,4.5600000000000005
radio-5,lessthanalover|제니,4.48
radio-5,사랑해기억해|아이오아이,4.4
radio-5,idontcare|2ne1,4.32
radio-5,상상더하기|라붐,4.24
radio-5,숲의아이|유아,4.16
radio-5,museum|owis,4.08
radio-5,metronome|izna,4.0
radio-5,다섯번째계절|오마이걸,3.92
radio-5,같은곳에서|소녀온탑,3.84
radio-5,candypinkmagicholeflipphone|kiiikiii,3.76
radio-5,no1|보아,3.68
radio-5,lovingu|씨스타,3.6
radio-5,cosmic|redvelvet,3.52
radio-5,afterschool|weeekly,3.44
radio-5,사랑의배터리|홍진영,3.36
radio-5,비밀정원|오마이걸,3.28
radio-5,loud|nmixx,3.1999999999999997
radio-5,사랑해|trishapaytas,3.12
radio-6,lemonade|aespa,6.0
radio-6,popoffpopoff|kiiikiii,5.92
radio-6,celebration|lesserafim,5.84
radio-6,sweat|kissoflife,5.76
radio-6,doyourdance|riize,5.68
radio-6,runaway|rescene,5.6
radio-6,상상더하기|라붐,5.4399999999999995
radio-6,rollercoaster|청하,5.36
radio-6,lemontang|hearts2hearts,5.28
radio-6,prettygirl|rescene,5.2
radio-6,4flowers|마마무,5.12
radio-6,ever2late|kiiikiii,5.04
radio-6,사건의지평선|윤하,4.96
radio-6,ioi|아이오아이,4.88
radio-6,dejavu|rescene,4.8
radio-6,iconicheart|hearts2hearts,4.72
radio-6,만찬가|태연,4.64
radio-6,hypeboy|newjeans,4.5600000000000005
radio-6,loud|nmixx,4.48
radio-6,luv|apink,4.4
radio-6,museum|owis,4.32
radio-6,glowup|rescene,4.24
radio-6,캐치캐치|yena,4.16
radio-6,내마음한조각|atheart,4.08
radio-6,underwater|kwoneunbi,4.0
radio-6,bubble|stayc,3.92
radio-6,focus|hearts2hearts,3.84
radio-6,candypinkmagicholeflipphone|kiiikiii,3.76
radio-6,smiley|yena비비,3.68
radio-6,ahchoo|러블리즈,3.6
radio-6,나랑사귈래|dia,3.52
radio-6,notearsonthedancefloor|이채연,3.44
radio-7,style|hearts2hearts,6.0
radio-7,celebration|lesserafim,5.92
radio-7,kissntell|aespa,5.84
radio-7,motto|itzy,5.76
radio-7,sweat|kissoflife,5.68
radio-7,popoffpopoff|kiiikiii,5.6
radio-7,motion|cortisjuicyj,5.52
radio-7,wda|aespagdragon,5.4399999999999995
radio-7,doyourdance|riize,5.36
radio-7,lemontang|hearts2hearts,5.28
radio-7,ddokddokddok|boynextdoor,5.2
radio-7,ever2late|kiiikiii,5.12
radio-7,serenade|aespa,5.04
radio-7,crow|idle,4.96
radio-7,runaway|rescene,4.88
radio-7,iconicheart|hearts2hearts,4.8
radio-7,swim|방탄소년단,4.72
radio-7,whiplash|aespa,4.64
radio-7,4flowers|마마무,4.5600000000000005
radio-7,goodthing|idle,4.48
radio-7,xoxz|ive,4.4
radio-7,hypnotize|xg,4.32
radio-7,go|cortis,4.24
radio-7,heyhi|kiiikiii,4.16
radio-7,cosmic|redvelvet,4.08
radio-7,loud|nmixx,4.0
radio-7,holdontight|aespa,3.92
radio-7,somethingaintright|xg,3.84
radio-7,ioi|아이오아이,3.76
radio-7,candypinkmagicholeflipphone|kiiikiii,3.68
radio-7,만찬가|태연,3.6
radio-7,switchblade|aespatydollaign,3.52
radio-7,youngcreatorcrew|cortis,3.44
radio-7,lessthanalover|제니,3.36
radio-7,mago|여자친구,3.28
radio-7,sweetsour|kiiikiii,3.1999999999999997
radio-7,armageddon|aespa,3.12
radio-8,karma|taylorswift,6.0
radio-8,theman|taylorswift,5.92
radio-8,whosays|selenagomezthescene,5.84
radio-8,blackmagic|littlemix,5.76
radio-8,stupidsong|oliviarodrigo,5.68
radio-8,stealtheshow|lauv,5.6
radio-8,mastermind|taylorswift,5.52
radio-8,justthewayyouare|brunomars,5.4399999999999995
radio-8,wecantbefriends|arianagrande,5.36
radio-8,nightchanges|onedirection,5.28
radio-8,leavebeforeyouloveme|marshmellojonasbrothers,5.2
radio-8,ithinkheknows|taylorswift,5.12
radio-8,loveulikethat|lauv,5.04
radio-8,homewrecker|sombr,4.96
radio-8,bittersweet|madisonbeer,4.88
radio-8,perfect|onedirection,4.8
radio-8,midnightrain|taylorswift,4.72
radio-8,lightswitch|charlieputh,4.64
radio-8,dancingonmyown|robyn,4.5600000000000005
radio-8,dietpepsi|addisonrae,4.48
radio-8,2002|annemarie,4.4
radio-8,weareneverevergettingbacktogether|taylorswift,4.32
radio-8,onething|onedirection,4.24
radio-8,closetoyou|gracieabrams,4.16
radio-8,backtofriends|sombr,4.08
radio-8,lovemelikeyou|littlemix,4.0
radio-8,thislove|taylorswift,3.92
radio-8,trainingseason|dualipa,3.84
radio-8,endofbeginning|djo,3.76
radio-8,shower|beckyg,3.68
radio-9,sohighschool|taylorswift,6.0
radio-9,guiltyassin|taylorswift,5.92
radio-9,whatificall|alexcrichton,5.84
radio-9,honeybee|oliviarodrigo,5.76
radio-9,backtofriends|sombr,5.68
radio-9,wideawake|katyperry,5.6
radio-9,everythinghaschanged|taylorswiftedsheeran,5.52
radio-9,justthewayyouare|brunomars,5.4399999999999995
radio-9,whosays|selenagomezthescene,5.36
radio-9,stupidsong|oliviarodrigo,5.28
radio-9,wecantbefriends|arianagrande,5.2
radio-9,thealchemy|taylorswift,5.12
radio-9,loveulikethat|lauv,5.04
radio-9,jetlag|simpleplannatashabedingfield,4.96
radio-9,lessthanalover|제니,4.88
radio-9,softspot|keshi,4.8
radio-9,mine|taylorswift,4.72
radio-9,lovelooksprettyonyou|nessabarrett,4.64
radio-9,ireallylikeyou|carlyraejepsen,4.5600000000000005
radio-9,bittersweet|madisonbeer,4.48
radio-9,renegade|bigredmachinetaylorswift,4.4
radio-9,thislove|taylorswift,4.32
radio-9,lovemenot|ravynlenae,4.24
radio-9,marryyou|brunomars,4.16
radio-9,maggotsforbrains|oliviarodrigo,4.08
radio-9,perfect|onedirection,4.0
radio-9,theveryfirstnight|taylorswift,3.92
radio-9,soeasy|oliviadean,3.84
radio-9,endofbeginning|djo,3.76
radio-10,antihero|taylorswift,6.0
radio-10,lightswitch|charlieputh,5.92
radio-10,isitovernow|taylorswift,5.84
radio-10,soeasy|oliviadean,5.76
radio-10,adoreyou|harrystyles,5.68
radio-10,shower|beckyg,5.6
radio-10,eeniemeenie|seankingstonjustinbieber,5.52
radio-10,corneliastreet|taylorswift,5.4399999999999995
radio-10,stealmygirl|onedirection,5.36
radio-10,backtoyou|selenagomez,5.28
radio-10,circles|postmalone,5.2
radio-10,wedonttalkanymore|charlieputhselenagomez,5.12
radio-10,givemeakiss|crashadams,5.04
radio-10,youbelongwithme|taylorswift,4.96
radio-10,signofthetimes|harrystyles,4.88
radio-10,endofbeginning|djo,4.8
radio-10,hatethatimadeyouloveme|arianagrande,4.72
radio-11,theonethatgotaway|katyperry,6.0
radio-11,kingsqueens|avamax,5.92
radio-11,youbelongwithme|taylorswift,5.84
radio-11,ireallylikeyou|carlyraejepsen,5.76
radio-11,justthewayyouare|brunomars,5.68
radio-11,wideawake|katyperry,5.6
radio-11,goodtime|owlcitycarlyraejepsen,5.52
radio-11,nightchanges|onedirection,5.4399999999999995
radio-11,enchanted|taylorswift,5.36
radio-11,eeniemeenie|seankingstonjustinbieber,5.28
radio-11,marryyou|brunomars,5.2
radio-11,birthday|katyperry,5.12
radio-11,blackmagic|littlemix,5.04
radio-11,wecantbefriends|arianagrande,4.96
radio-11,lovestory|taylorswift,4.88
radio-11,stupidsong|oliviarodrigo,4.8
radio-11,neverreallyover|katyperry,4.72
radio-11,whatmakesyoubeautiful|onedirection,4.64
radio-11,lovemenot|ravynlenae,4.5600000000000005
radio-11,marvingaye|charlieputhmeghantrainor,4.48
radio-12,style|taylorswift,6.0
radio-12,roar|katyperry,5.92
radio-12,breakfree|arianagrandezedd,5.84
radio-12,perfect|onedirection,5.76
radio-12,selfaware|tempercity,5.68
radio-12,wedonttalkanymore|charlieputhselenagomez,5.6
radio-12,blankspace|taylorswift,5.52
radio-12,closer|thechainsmokershalsey,5.4399999999999995
radio-12,hatethatimadeyouloveme|arianagrande,5.36
radio-12,partofme|katyperry,5.28
radio-13,dancethenightaway|twice,6.0
radio-13,fancy|twice,5.92
radio-13,hot|lesserafim,5.84
radio-13,nekkoya|produce48,5.76
radio-13,cheshire|itzy,5.68
radio-13,afterschool|weeekly,5.6
radio-13,yesoryes|twice,5.52
radio-13,timeforthemoonnight|여자친구,5.4399999999999995
radio-13,rollercoaster|청하,5.36
radio-13,prettygirl|카라,5.28
radio-13,lovebomb|프로미스나인,5.2
radio-13,tt|twice,5.12
radio-13,dice|nmixx,5.04
radio-13,fever|여자친구,4.96
radio-13,너무너무너무|아이오아이,4.88
radio-13,icy|itzy,4.8
radio-13,feelspecial|twice,4.72
radio-13,view|shinee,4.64
radio-13,bungee|오마이걸,4.5600000000000005
radio-13,glassbead|여자친구,4.48
radio-13,lovingu|씨스타,4.4
radio-13,oohahh하게likeoohahh|twice,4.32
radio-13,hypeboy|newjeans,4.24
radio-13,ifimscanyoubemyn|투어스,4.16
radio-13,unforgiven|lesserafimnilerodgers,4.08
radio-13,loco|itzy,4.0
radio-13,talkthattalk|twice,3.92
radio-13,살짝설렛어|오마이걸,3.84
radio-13,미스터|카라,3.76
radio-13,lionheart|소녀시대,3.68
radio-14,odetolove|nctwish,6.0
radio-14,ever2late|kiiikiii,5.92
radio-14,luckytobeloved|투어스,5.84
radio-14,lemontang|hearts2hearts,5.76
radio-14,ddokddokddok|boynextdoor,5.68
radio-14,youngcreatorcrew|cortis,5.6
radio-14,poppop|nctwish,5.52
radio-14,loud|nmixx,5.4399999999999995
radio-14,museum|owis,5.36
radio-14,ioi|아이오아이,5.28
radio-14,prettygirl|카라,5.2
radio-14,tnt|cortis,5.12
radio-14,boymeetsgirl|nctwish,5.04
radio-14,hereforyou|투어스,4.96
radio-14,sincerely|picheolin,4.88
radio-14,focus|hearts2hearts,4.8
radio-14,dejavu|rescene,4.72
radio-14,surf|nctwish,4.64
radio-14,acai|cortis,4.5600000000000005
radio-14,ifimscanyoubemyn|투어스,4.48
radio-14,surfinboy|redvelvet,4.4
radio-14,shutthedoor|youngk,4.32
radio-14,프린스핑송|nctwish,4.24
